#{"t_start": 1669662130.191866, "env_id": "kuka_handlit_multiprocess-v0"}
r,l,t
-7193.476532,1001,62.589209
-7606.881953,1001,118.920348
-7338.042665,1001,175.531819
-6907.880355,1001,232.498569
